"Uge";"Regionskode";"Region";"Antal reinfektioner";"Reinfektioner pr. 100.000 borgere";"Første reinfektion";"To eller flere reinfektioner";"timestamp_2025-10-21T10:00:08.562"
2020-U21;1084;Hovedstaden;2;0,11;2;0;
2020-U21;1082;Midtjylland;1;0,07;1;0;
2020-U21;1083;Syddanmark;1;0,08;1;0;
2020-U23;1084;Hovedstaden;1;0,05;1;0;
2020-U23;1083;Syddanmark;1;0,08;1;0;
2020-U24;1084;Hovedstaden;4;0,22;4;0;
2020-U24;1082;Midtjylland;2;0,15;2;0;
2020-U24;1083;Syddanmark;1;0,08;1;0;
2020-U25;1084;Hovedstaden;5;0,27;5;0;
2020-U25;1082;Midtjylland;1;0,08;1;0;
2020-U25;1085;Sjælland;1;0,12;1;0;
2020-U25;1083;Syddanmark;1;0,08;1;0;
2020-U26;1084;Hovedstaden;3;0,16;3;0;
2020-U26;1085;Sjælland;1;0,12;1;0;
2020-U27;1084;Hovedstaden;4;0,22;4;0;
2020-U27;1082;Midtjylland;1;0,08;1;0;
2020-U27;1085;Sjælland;2;0,24;2;0;
2020-U28;1084;Hovedstaden;2;0,11;2;0;
2020-U28;1085;Sjælland;2;0,24;2;0;
2020-U29;1084;Hovedstaden;4;0,22;4;0;
2020-U29;1081;Nordjylland;1;0,17;1;0;
2020-U29;1085;Sjælland;1;0,12;1;0;
2020-U30;1084;Hovedstaden;3;0,16;3;0;
2020-U30;1085;Sjælland;1;0,12;1;0;
2020-U31;1084;Hovedstaden;2;0,11;2;0;
2020-U32;1084;Hovedstaden;1;0,05;1;0;
2020-U32;1082;Midtjylland;1;0,08;1;0;
2020-U33;1084;Hovedstaden;6;0,32;6;0;
2020-U33;1082;Midtjylland;1;0,08;1;0;
2020-U33;1083;Syddanmark;1;0,08;1;0;
2020-U34;1084;Hovedstaden;2;0,11;2;0;
2020-U35;1084;Hovedstaden;4;0,22;3;1;
2020-U35;1085;Sjælland;1;0,12;1;0;
2020-U36;1084;Hovedstaden;2;0,11;2;0;
2020-U36;1082;Midtjylland;1;0,08;1;0;
2020-U36;1081;Nordjylland;1;0,17;1;0;
2020-U36;1083;Syddanmark;1;0,08;1;0;
2020-U37;1084;Hovedstaden;2;0,11;2;0;
2020-U38;1084;Hovedstaden;4;0,22;3;1;
2020-U39;1084;Hovedstaden;5;0,27;5;0;
2020-U39;1085;Sjælland;2;0,24;2;0;
2020-U40;1084;Hovedstaden;1;0,05;1;0;
2020-U40;1085;Sjælland;1;0,12;1;0;
2020-U41;1084;Hovedstaden;2;0,11;2;0;
2020-U41;1082;Midtjylland;1;0,07;0;1;
2020-U41;1085;Sjælland;1;0,12;1;0;
2020-U42;1084;Hovedstaden;1;0,05;1;0;
2020-U42;1082;Midtjylland;1;0,07;1;0;
2020-U43;1084;Hovedstaden;1;0,05;1;0;
2020-U43;1082;Midtjylland;2;0,15;2;0;
2020-U43;1081;Nordjylland;1;0,17;1;0;
2020-U44;1084;Hovedstaden;2;0,11;2;0;
2020-U44;1082;Midtjylland;3;0,22;3;0;
2020-U44;1081;Nordjylland;2;0,34;2;0;
2020-U44;1083;Syddanmark;1;0,08;1;0;
2020-U45;1084;Hovedstaden;5;0,27;4;1;
2020-U45;1083;Syddanmark;1;0,08;1;0;
2020-U46;1084;Hovedstaden;2;0,11;2;0;
2020-U46;1082;Midtjylland;3;0,22;3;0;
2020-U47;1084;Hovedstaden;6;0,32;6;0;
2020-U47;1085;Sjælland;2;0,24;2;0;
2020-U47;1083;Syddanmark;1;0,08;1;0;
2020-U48;1084;Hovedstaden;5;0,27;5;0;
2020-U48;1082;Midtjylland;4;0,30;4;0;
2020-U48;1085;Sjælland;3;0,36;3;0;
2020-U49;1084;Hovedstaden;10;0,54;9;1;
2020-U49;1082;Midtjylland;1;0,07;1;0;
2020-U50;1084;Hovedstaden;11;0,59;11;0;
2020-U50;1082;Midtjylland;2;0,15;2;0;
2020-U50;1085;Sjælland;4;0,48;4;0;
2020-U50;1083;Syddanmark;2;0,16;2;0;
2020-U51;1084;Hovedstaden;22;1,18;22;0;
2020-U51;1082;Midtjylland;3;0,22;3;0;
2020-U51;1081;Nordjylland;1;0,17;1;0;
2020-U51;1085;Sjælland;2;0,24;2;0;
2020-U51;1083;Syddanmark;3;0,24;3;0;
2020-U52;1084;Hovedstaden;16;0,86;16;0;
2020-U52;1082;Midtjylland;5;0,37;4;1;
2020-U52;1085;Sjælland;2;0,24;2;0;
2020-U52;1083;Syddanmark;4;0,33;4;0;
2020-U53;1084;Hovedstaden;16;0,86;16;0;
2020-U53;1082;Midtjylland;6;0,45;6;0;
2020-U53;1081;Nordjylland;1;0,17;1;0;
2020-U53;1085;Sjælland;1;0,12;1;0;
2020-U53;1083;Syddanmark;4;0,33;4;0;
2021-U01;1084;Hovedstaden;12;0,65;12;0;
2021-U01;1082;Midtjylland;4;0,30;4;0;
2021-U01;1081;Nordjylland;4;0,68;4;0;
2021-U01;1085;Sjælland;2;0,24;2;0;
2021-U01;1083;Syddanmark;2;0,16;2;0;
2021-U02;1084;Hovedstaden;16;0,87;16;0;
2021-U02;1082;Midtjylland;3;0,23;3;0;
2021-U02;1081;Nordjylland;6;1,02;6;0;
2021-U02;1085;Sjælland;6;0,72;6;0;
2021-U02;1083;Syddanmark;3;0,25;3;0;
2021-U03;1084;Hovedstaden;12;0,65;12;0;
2021-U03;1082;Midtjylland;2;0,15;2;0;
2021-U03;1081;Nordjylland;4;0,68;4;0;
2021-U03;1085;Sjælland;1;0,12;1;0;
2021-U03;1083;Syddanmark;9;0,74;9;0;
2021-U04;1084;Hovedstaden;17;0,92;17;0;
2021-U04;1082;Midtjylland;7;0,53;7;0;
2021-U04;1081;Nordjylland;2;0,34;2;0;
2021-U04;1085;Sjælland;3;0,36;3;0;
2021-U04;1083;Syddanmark;3;0,25;3;0;
2021-U05;1084;Hovedstaden;22;1,19;21;1;
2021-U05;1082;Midtjylland;5;0,38;5;0;
2021-U05;1085;Sjælland;2;0,24;2;0;
2021-U05;1083;Syddanmark;3;0,25;3;0;
2021-U06;1084;Hovedstaden;12;0,65;12;0;
2021-U06;1082;Midtjylland;4;0,30;4;0;
2021-U06;1081;Nordjylland;3;0,51;3;0;
2021-U06;1085;Sjælland;2;0,24;2;0;
2021-U06;1083;Syddanmark;7;0,57;7;0;
2021-U07;1084;Hovedstaden;22;1,19;22;0;
2021-U07;1082;Midtjylland;8;0,60;8;0;
2021-U07;1085;Sjælland;7;0,84;7;0;
2021-U07;1083;Syddanmark;6;0,49;6;0;
2021-U08;1084;Hovedstaden;29;1,57;29;0;
2021-U08;1082;Midtjylland;10;0,75;9;1;
2021-U08;1081;Nordjylland;3;0,51;2;1;
2021-U08;1085;Sjælland;2;0,24;2;0;
2021-U08;1083;Syddanmark;7;0,57;7;0;
2021-U09;1084;Hovedstaden;34;1,84;34;0;
2021-U09;1082;Midtjylland;5;0,38;5;0;
2021-U09;1081;Nordjylland;3;0,51;3;0;
2021-U09;1085;Sjælland;5;0,60;5;0;
2021-U09;1083;Syddanmark;10;0,82;10;0;
2021-U10;1084;Hovedstaden;21;1,14;21;0;
2021-U10;1082;Midtjylland;7;0,53;7;0;
2021-U10;1081;Nordjylland;1;0,17;1;0;
2021-U10;1085;Sjælland;9;1,08;8;1;
2021-U10;1083;Syddanmark;7;0,57;6;1;
2021-U11;1084;Hovedstaden;34;1,84;34;0;
2021-U11;1082;Midtjylland;11;0,83;11;0;
2021-U11;1081;Nordjylland;3;0,51;3;0;
2021-U11;1085;Sjælland;15;1,79;15;0;
2021-U11;1083;Syddanmark;6;0,49;6;0;
2021-U12;1084;Hovedstaden;34;1,84;34;0;
2021-U12;1082;Midtjylland;8;0,60;8;0;
2021-U12;1081;Nordjylland;5;0,85;5;0;
2021-U12;1085;Sjælland;13;1,55;13;0;
2021-U12;1083;Syddanmark;6;0,49;6;0;
2021-U13;1084;Hovedstaden;25;1,35;25;0;
2021-U13;1082;Midtjylland;6;0,45;6;0;
2021-U13;1081;Nordjylland;2;0,34;2;0;
2021-U13;1085;Sjælland;3;0,36;2;1;
2021-U13;1083;Syddanmark;7;0,57;7;0;
2021-U14;1084;Hovedstaden;27;1,46;27;0;
2021-U14;1082;Midtjylland;7;0,53;7;0;
2021-U14;1081;Nordjylland;4;0,68;4;0;
2021-U14;1085;Sjælland;8;0,96;8;0;
2021-U14;1083;Syddanmark;4;0,33;4;0;
2021-U15;1084;Hovedstaden;29;1,57;29;0;
2021-U15;1082;Midtjylland;9;0,68;9;0;
2021-U15;1085;Sjælland;4;0,48;4;0;
2021-U15;1083;Syddanmark;6;0,49;6;0;
2021-U16;1084;Hovedstaden;23;1,24;23;0;
2021-U16;1082;Midtjylland;3;0,23;3;0;
2021-U16;1081;Nordjylland;5;0,85;5;0;
2021-U16;1085;Sjælland;6;0,72;6;0;
2021-U16;1083;Syddanmark;6;0,49;6;0;
2021-U17;1084;Hovedstaden;23;1,24;23;0;
2021-U17;1082;Midtjylland;3;0,23;3;0;
2021-U17;1081;Nordjylland;2;0,34;1;1;
2021-U17;1085;Sjælland;5;0,60;5;0;
2021-U17;1083;Syddanmark;5;0,41;5;0;
2021-U18;1084;Hovedstaden;29;1,57;28;1;
2021-U18;1082;Midtjylland;4;0,30;4;0;
2021-U18;1081;Nordjylland;1;0,17;1;0;
2021-U18;1085;Sjælland;6;0,72;6;0;
2021-U18;1083;Syddanmark;5;0,41;4;1;
2021-U19;1084;Hovedstaden;29;1,57;29;0;
2021-U19;1082;Midtjylland;9;0,68;9;0;
2021-U19;1081;Nordjylland;3;0,51;3;0;
2021-U19;1085;Sjælland;2;0,24;2;0;
2021-U19;1083;Syddanmark;2;0,16;2;0;
2021-U20;1084;Hovedstaden;32;1,73;31;1;
2021-U20;1082;Midtjylland;6;0,45;6;0;
2021-U20;1081;Nordjylland;9;1,53;9;0;
2021-U20;1085;Sjælland;6;0,72;6;0;
2021-U20;1083;Syddanmark;7;0,57;7;0;
2021-U21;1084;Hovedstaden;22;1,19;21;1;
2021-U21;1082;Midtjylland;9;0,68;9;0;
2021-U21;1081;Nordjylland;6;1,02;6;0;
2021-U21;1085;Sjælland;5;0,60;5;0;
2021-U21;1083;Syddanmark;6;0,49;6;0;
2021-U22;1084;Hovedstaden;23;1,24;23;0;
2021-U22;1082;Midtjylland;8;0,60;8;0;
2021-U22;1081;Nordjylland;5;0,85;5;0;
2021-U22;1085;Sjælland;2;0,24;1;1;
2021-U22;1083;Syddanmark;4;0,33;3;1;
2021-U23;1084;Hovedstaden;21;1,14;21;0;
2021-U23;1082;Midtjylland;6;0,45;6;0;
2021-U23;1081;Nordjylland;4;0,68;4;0;
2021-U23;1085;Sjælland;4;0,48;4;0;
2021-U23;1083;Syddanmark;4;0,33;4;0;
2021-U24;1084;Hovedstaden;16;0,86;16;0;
2021-U24;1082;Midtjylland;1;0,08;1;0;
2021-U24;1081;Nordjylland;1;0,17;1;0;
2021-U24;1085;Sjælland;3;0,36;3;0;
2021-U24;1083;Syddanmark;2;0,16;2;0;
2021-U25;1084;Hovedstaden;9;0,49;9;0;
2021-U25;1082;Midtjylland;2;0,15;1;1;
2021-U25;1085;Sjælland;1;0,12;0;1;
2021-U25;1083;Syddanmark;1;0,08;1;0;
2021-U26;1084;Hovedstaden;24;1,30;24;0;
2021-U26;1082;Midtjylland;2;0,15;2;0;
2021-U26;1081;Nordjylland;1;0,17;1;0;
2021-U26;1085;Sjælland;4;0,48;4;0;
2021-U26;1083;Syddanmark;1;0,08;1;0;
2021-U27;1084;Hovedstaden;46;2,49;46;0;
2021-U27;1082;Midtjylland;11;0,83;11;0;
2021-U27;1085;Sjælland;5;0,60;5;0;
2021-U27;1083;Syddanmark;3;0,25;3;0;
2021-U28;1084;Hovedstaden;55;2,97;55;0;
2021-U28;1082;Midtjylland;15;1,13;15;0;
2021-U28;1085;Sjælland;9;1,07;9;0;
2021-U28;1083;Syddanmark;10;0,82;10;0;
2021-U29;1084;Hovedstaden;34;1,84;33;1;
2021-U29;1082;Midtjylland;12;0,90;12;0;
2021-U29;1081;Nordjylland;1;0,17;1;0;
2021-U29;1085;Sjælland;5;0,60;5;0;
2021-U29;1083;Syddanmark;5;0,41;5;0;
2021-U30;1084;Hovedstaden;65;3,51;65;0;
2021-U30;1082;Midtjylland;19;1,43;19;0;
2021-U30;1081;Nordjylland;3;0,51;3;0;
2021-U30;1085;Sjælland;6;0,71;5;1;
2021-U30;1083;Syddanmark;6;0,49;6;0;
2021-U31;1084;Hovedstaden;51;2,75;50;1;
2021-U31;1082;Midtjylland;21;1,58;21;0;
2021-U31;1081;Nordjylland;11;1,87;11;0;
2021-U31;1085;Sjælland;4;0,48;4;0;
2021-U31;1083;Syddanmark;11;0,90;11;0;
2021-U32;1084;Hovedstaden;61;3,29;61;0;
2021-U32;1082;Midtjylland;26;1,95;26;0;
2021-U32;1081;Nordjylland;8;1,36;8;0;
2021-U32;1085;Sjælland;10;1,19;10;0;
2021-U32;1083;Syddanmark;14;1,14;14;0;
2021-U33;1084;Hovedstaden;77;4,16;77;0;
2021-U33;1082;Midtjylland;16;1,20;16;0;
2021-U33;1081;Nordjylland;3;0,51;3;0;
2021-U33;1085;Sjælland;5;0,60;5;0;
2021-U33;1083;Syddanmark;13;1,06;12;1;
2021-U34;1084;Hovedstaden;67;3,62;66;1;
2021-U34;1082;Midtjylland;14;1,05;14;0;
2021-U34;1081;Nordjylland;4;0,68;4;0;
2021-U34;1085;Sjælland;4;0,48;4;0;
2021-U34;1083;Syddanmark;11;0,90;11;0;
2021-U35;1084;Hovedstaden;46;2,48;46;0;
2021-U35;1082;Midtjylland;15;1,13;15;0;
2021-U35;1085;Sjælland;7;0,83;7;0;
2021-U35;1083;Syddanmark;9;0,74;9;0;
2021-U36;1084;Hovedstaden;38;2,05;38;0;
2021-U36;1082;Midtjylland;4;0,30;4;0;
2021-U36;1085;Sjælland;4;0,48;4;0;
2021-U36;1083;Syddanmark;4;0,33;4;0;
2021-U37;1084;Hovedstaden;17;0,92;16;1;
2021-U37;1082;Midtjylland;3;0,22;2;1;
2021-U37;1081;Nordjylland;1;0,17;1;0;
2021-U37;1085;Sjælland;4;0,48;4;0;
2021-U37;1083;Syddanmark;3;0,25;3;0;
2021-U38;1084;Hovedstaden;11;0,59;11;0;
2021-U38;1082;Midtjylland;5;0,37;4;1;
2021-U38;1081;Nordjylland;2;0,34;2;0;
2021-U38;1085;Sjælland;1;0,12;1;0;
2021-U38;1083;Syddanmark;3;0,25;3;0;
2021-U39;1084;Hovedstaden;20;1,08;20;0;
2021-U39;1082;Midtjylland;5;0,37;5;0;
2021-U39;1081;Nordjylland;1;0,17;1;0;
2021-U39;1085;Sjælland;5;0,59;5;0;
2021-U39;1083;Syddanmark;4;0,33;4;0;
2021-U40;1084;Hovedstaden;31;1,67;29;2;
2021-U40;1082;Midtjylland;8;0,60;8;0;
2021-U40;1081;Nordjylland;1;0,17;1;0;
2021-U40;1085;Sjælland;4;0,48;4;0;
2021-U40;1083;Syddanmark;6;0,49;6;0;
2021-U41;1084;Hovedstaden;37;1,99;37;0;
2021-U41;1082;Midtjylland;4;0,30;4;0;
2021-U41;1081;Nordjylland;1;0,17;1;0;
2021-U41;1085;Sjælland;4;0,48;4;0;
2021-U41;1083;Syddanmark;9;0,73;9;0;
2021-U42;1084;Hovedstaden;83;4,47;81;2;
2021-U42;1082;Midtjylland;5;0,37;5;0;
2021-U42;1081;Nordjylland;7;1,18;7;0;
2021-U42;1085;Sjælland;11;1,31;11;0;
2021-U42;1083;Syddanmark;8;0,65;8;0;
2021-U43;1084;Hovedstaden;102;5,50;102;0;
2021-U43;1082;Midtjylland;18;1,35;18;0;
2021-U43;1081;Nordjylland;4;0,68;4;0;
2021-U43;1085;Sjælland;18;2,14;18;0;
2021-U43;1083;Syddanmark;8;0,65;8;0;
2021-U44;1084;Hovedstaden;122;6,57;122;0;
2021-U44;1082;Midtjylland;17;1,27;17;0;
2021-U44;1081;Nordjylland;5;0,85;5;0;
2021-U44;1085;Sjælland;17;2,02;17;0;
2021-U44;1083;Syddanmark;15;1,22;15;0;
2021-U45;1084;Hovedstaden;152;8,18;152;0;
2021-U45;1082;Midtjylland;25;1,87;24;1;
2021-U45;1081;Nordjylland;5;0,85;5;0;
2021-U45;1085;Sjælland;42;4,99;42;0;
2021-U45;1083;Syddanmark;20;1,63;20;0;
2021-U46;1084;Hovedstaden;202;10,87;198;4;
2021-U46;1082;Midtjylland;27;2,02;27;0;
2021-U46;1081;Nordjylland;9;1,52;9;0;
2021-U46;1085;Sjælland;32;3,81;31;1;
2021-U46;1083;Syddanmark;21;1,71;20;1;
2021-U47;1084;Hovedstaden;208;11,20;206;2;
2021-U47;1082;Midtjylland;33;2,47;33;0;
2021-U47;1081;Nordjylland;16;2,71;15;1;
2021-U47;1085;Sjælland;34;4,04;34;0;
2021-U47;1083;Syddanmark;30;2,45;29;1;
2021-U48;1084;Hovedstaden;245;13,19;244;1;
2021-U48;1082;Midtjylland;44;3,29;44;0;
2021-U48;1081;Nordjylland;12;2,03;12;0;
2021-U48;1085;Sjælland;42;4,99;42;0;
2021-U48;1083;Syddanmark;35;2,86;35;0;
2021-U49;1084;Hovedstaden;581;31,22;577;4;
2021-U49;1082;Midtjylland;85;6,35;83;2;
2021-U49;1081;Nordjylland;31;5,24;31;0;
2021-U49;1085;Sjælland;73;8,68;73;0;
2021-U49;1083;Syddanmark;49;4,00;49;0;
2021-U50;1084;Hovedstaden;1907;102,47;1895;12;
2021-U50;1082;Midtjylland;247;18,45;245;2;
2021-U50;1081;Nordjylland;86;14,54;85;1;
2021-U50;1085;Sjælland;234;27,81;233;1;
2021-U50;1083;Syddanmark;144;11,74;144;0;
2021-U51;1084;Hovedstaden;2431;130,63;2412;19;
2021-U51;1082;Midtjylland;381;28,46;380;1;
2021-U51;1081;Nordjylland;144;24,35;143;1;
2021-U51;1085;Sjælland;344;40,88;344;0;
2021-U51;1083;Syddanmark;249;20,31;245;4;
2021-U52;1084;Hovedstaden;4327;232,52;4295;32;
2021-U52;1082;Midtjylland;937;69,99;933;4;
2021-U52;1081;Nordjylland;418;70,69;416;2;
2021-U52;1085;Sjælland;725;86,17;720;5;
2021-U52;1083;Syddanmark;660;53,83;657;3;
2022-U01;1084;Hovedstaden;5644;303,11;5602;42;
2022-U01;1082;Midtjylland;1653;123,41;1641;12;
2022-U01;1081;Nordjylland;651;110,12;650;1;
2022-U01;1085;Sjælland;1003;119,16;998;5;
2022-U01;1083;Syddanmark;1063;86,65;1060;3;
2022-U02;1084;Hovedstaden;6726;361,22;6677;49;
2022-U02;1082;Midtjylland;1785;133,26;1775;10;
2022-U02;1081;Nordjylland;665;112,48;664;1;
2022-U02;1085;Sjælland;1199;142,45;1188;11;
2022-U02;1083;Syddanmark;1466;119,50;1457;9;
2022-U03;1084;Hovedstaden;9904;531,89;9822;82;
2022-U03;1082;Midtjylland;2660;198,59;2642;18;
2022-U03;1081;Nordjylland;1007;170,33;1003;4;
2022-U03;1085;Sjælland;2258;268,26;2256;2;
2022-U03;1083;Syddanmark;2294;187,00;2283;11;
2022-U04;1084;Hovedstaden;8419;452,14;8370;49;
2022-U04;1082;Midtjylland;2906;216,95;2898;8;
2022-U04;1081;Nordjylland;1193;201,80;1191;2;
2022-U04;1085;Sjælland;2480;294,63;2474;6;
2022-U04;1083;Syddanmark;2626;214,07;2617;9;
2022-U05;1084;Hovedstaden;6829;366,75;6783;46;
2022-U05;1082;Midtjylland;3294;245,92;3282;12;
2022-U05;1081;Nordjylland;1281;216,68;1276;5;
2022-U05;1085;Sjælland;2027;240,82;2022;5;
2022-U05;1083;Syddanmark;2538;206,89;2522;16;
2022-U06;1084;Hovedstaden;6543;351,46;6486;57;
2022-U06;1082;Midtjylland;3987;297,66;3970;17;
2022-U06;1081;Nordjylland;2096;354,61;2094;2;
2022-U06;1085;Sjælland;2260;268,49;2247;13;
2022-U06;1083;Syddanmark;3128;255,01;3113;15;
2022-U07;1084;Hovedstaden;4778;256,65;4731;47;
2022-U07;1082;Midtjylland;2727;203,59;2717;10;
2022-U07;1081;Nordjylland;1530;258,85;1521;9;
2022-U07;1085;Sjælland;1687;200,42;1677;10;
2022-U07;1083;Syddanmark;2138;174,30;2130;8;
2022-U08;1084;Hovedstaden;3324;178,55;3291;33;
2022-U08;1082;Midtjylland;1752;130,80;1741;11;
2022-U08;1081;Nordjylland;857;144,99;855;2;
2022-U08;1085;Sjælland;1058;125,69;1054;4;
2022-U08;1083;Syddanmark;1329;108,34;1321;8;
2022-U09;1084;Hovedstaden;2380;127,84;2345;35;
2022-U09;1082;Midtjylland;1221;91,16;1215;6;
2022-U09;1081;Nordjylland;571;96,60;566;5;
2022-U09;1085;Sjælland;722;85,77;713;9;
2022-U09;1083;Syddanmark;969;79,00;965;4;
2022-U10;1084;Hovedstaden;1838;98,67;1816;22;
2022-U10;1082;Midtjylland;835;62,29;829;6;
2022-U10;1081;Nordjylland;403;68,18;400;3;
2022-U10;1085;Sjælland;579;68,76;576;3;
2022-U10;1083;Syddanmark;746;60,80;739;7;
2022-U11;1084;Hovedstaden;1064;57,12;1038;26;
2022-U11;1082;Midtjylland;509;37,97;505;4;
2022-U11;1081;Nordjylland;243;41,11;241;2;
2022-U11;1085;Sjælland;415;49,28;408;7;
2022-U11;1083;Syddanmark;475;38,72;471;4;
2022-U12;1084;Hovedstaden;796;42,73;778;18;
2022-U12;1082;Midtjylland;291;21,71;290;1;
2022-U12;1081;Nordjylland;142;24,02;140;2;
2022-U12;1085;Sjælland;291;34,56;282;9;
2022-U12;1083;Syddanmark;343;27,96;340;3;
2022-U13;1084;Hovedstaden;588;31,57;566;22;
2022-U13;1082;Midtjylland;164;12,23;162;2;
2022-U13;1081;Nordjylland;93;15,73;93;0;
2022-U13;1085;Sjælland;199;23,63;196;3;
2022-U13;1083;Syddanmark;192;15,65;189;3;
2022-U14;1084;Hovedstaden;501;26,85;485;16;
2022-U14;1082;Midtjylland;148;11,03;146;2;
2022-U14;1081;Nordjylland;84;14,21;84;0;
2022-U14;1085;Sjælland;172;20,41;168;4;
2022-U14;1083;Syddanmark;171;13,93;168;3;
2022-U15;1084;Hovedstaden;361;19,35;353;8;
2022-U15;1082;Midtjylland;107;7,97;106;1;
2022-U15;1081;Nordjylland;58;9,81;58;0;
2022-U15;1085;Sjælland;138;16,38;136;2;
2022-U15;1083;Syddanmark;137;11,16;135;2;
2022-U16;1084;Hovedstaden;339;18,17;330;9;
2022-U16;1082;Midtjylland;139;10,36;136;3;
2022-U16;1081;Nordjylland;88;14,89;84;4;
2022-U16;1085;Sjælland;128;15,19;126;2;
2022-U16;1083;Syddanmark;133;10,83;132;1;
2022-U17;1084;Hovedstaden;269;14,42;260;9;
2022-U17;1082;Midtjylland;98;7,30;94;4;
2022-U17;1081;Nordjylland;50;8,46;49;1;
2022-U17;1085;Sjælland;84;9,97;81;3;
2022-U17;1083;Syddanmark;94;7,65;92;2;
2022-U18;1084;Hovedstaden;213;11,41;201;12;
2022-U18;1082;Midtjylland;62;4,62;61;1;
2022-U18;1081;Nordjylland;31;5,24;31;0;
2022-U18;1085;Sjælland;69;8,18;65;4;
2022-U18;1083;Syddanmark;76;6,19;75;1;
2022-U19;1084;Hovedstaden;169;9,05;160;9;
2022-U19;1082;Midtjylland;49;3,65;49;0;
2022-U19;1081;Nordjylland;28;4,74;28;0;
2022-U19;1085;Sjælland;50;5,93;49;1;
2022-U19;1083;Syddanmark;63;5,13;61;2;
2022-U20;1084;Hovedstaden;163;8,73;160;3;
2022-U20;1082;Midtjylland;59;4,39;58;1;
2022-U20;1081;Nordjylland;25;4,23;25;0;
2022-U20;1085;Sjælland;38;4,51;36;2;
2022-U20;1083;Syddanmark;57;4,64;56;1;
2022-U21;1084;Hovedstaden;123;6,59;119;4;
2022-U21;1082;Midtjylland;35;2,61;34;1;
2022-U21;1081;Nordjylland;22;3,72;22;0;
2022-U21;1085;Sjælland;46;5,46;44;2;
2022-U21;1083;Syddanmark;37;3,01;35;2;
2022-U22;1084;Hovedstaden;167;8,95;158;9;
2022-U22;1082;Midtjylland;61;4,54;58;3;
2022-U22;1081;Nordjylland;25;4,23;25;0;
2022-U22;1085;Sjælland;50;5,93;48;2;
2022-U22;1083;Syddanmark;58;4,72;56;2;
2022-U23;1084;Hovedstaden;372;19,90;359;13;
2022-U23;1082;Midtjylland;116;8,62;114;2;
2022-U23;1081;Nordjylland;46;7,77;46;0;
2022-U23;1085;Sjælland;94;11,13;92;2;
2022-U23;1083;Syddanmark;89;7,23;86;3;
2022-U24;1084;Hovedstaden;544;29,10;524;20;
2022-U24;1082;Midtjylland;194;14,42;190;4;
2022-U24;1081;Nordjylland;68;11,48;64;4;
2022-U24;1085;Sjælland;155;18,36;149;6;
2022-U24;1083;Syddanmark;151;12,27;148;3;
2022-U25;1084;Hovedstaden;844;45,15;815;29;
2022-U25;1082;Midtjylland;246;18,28;240;6;
2022-U25;1081;Nordjylland;125;21,11;125;0;
2022-U25;1085;Sjælland;215;25,46;210;5;
2022-U25;1083;Syddanmark;189;15,36;185;4;
2022-U26;1084;Hovedstaden;982;52,54;935;47;
2022-U26;1082;Midtjylland;423;31,44;412;11;
2022-U26;1081;Nordjylland;154;26,01;152;2;
2022-U26;1085;Sjælland;279;33,04;268;11;
2022-U26;1083;Syddanmark;468;38,03;456;12;
2022-U27;1084;Hovedstaden;1710;91,38;1616;94;
2022-U27;1082;Midtjylland;494;36,62;474;20;
2022-U27;1081;Nordjylland;310;52,26;302;8;
2022-U27;1085;Sjælland;565;66,82;545;20;
2022-U27;1083;Syddanmark;511;41,45;491;20;
2022-U28;1084;Hovedstaden;1346;71,93;1275;71;
2022-U28;1082;Midtjylland;567;42,04;551;16;
2022-U28;1081;Nordjylland;278;46,87;269;9;
2022-U28;1085;Sjælland;554;65,51;539;15;
2022-U28;1083;Syddanmark;543;44,04;534;9;
2022-U29;1084;Hovedstaden;1131;60,44;1060;71;
2022-U29;1082;Midtjylland;557;41,29;537;20;
2022-U29;1081;Nordjylland;254;42,82;248;6;
2022-U29;1085;Sjælland;444;52,51;431;13;
2022-U29;1083;Syddanmark;510;41,36;498;12;
2022-U30;1084;Hovedstaden;899;48,04;854;45;
2022-U30;1082;Midtjylland;567;42,04;547;20;
2022-U30;1081;Nordjylland;208;35,06;198;10;
2022-U30;1085;Sjælland;384;45,41;372;12;
2022-U30;1083;Syddanmark;501;40,63;488;13;
2022-U31;1084;Hovedstaden;881;47,05;826;55;
2022-U31;1082;Midtjylland;524;38,80;506;18;
2022-U31;1081;Nordjylland;244;41,12;234;10;
2022-U31;1085;Sjælland;393;46,39;387;6;
2022-U31;1083;Syddanmark;496;40,21;485;11;
2022-U32;1084;Hovedstaden;996;53,19;937;59;
2022-U32;1082;Midtjylland;988;73,16;966;22;
2022-U32;1081;Nordjylland;304;51,23;292;12;
2022-U32;1085;Sjælland;457;53,95;437;20;
2022-U32;1083;Syddanmark;635;51,47;622;13;
2022-U33;1084;Hovedstaden;702;37,49;657;45;
2022-U33;1082;Midtjylland;656;48,57;636;20;
2022-U33;1081;Nordjylland;245;41,28;236;9;
2022-U33;1085;Sjælland;378;44,62;369;9;
2022-U33;1083;Syddanmark;493;39,96;486;7;
2022-U34;1084;Hovedstaden;448;23,93;420;28;
2022-U34;1082;Midtjylland;523;38,72;515;8;
2022-U34;1081;Nordjylland;237;39,94;229;8;
2022-U34;1085;Sjælland;226;26,68;222;4;
2022-U34;1083;Syddanmark;307;24,89;300;7;
2022-U35;1084;Hovedstaden;375;20,03;356;19;
2022-U35;1082;Midtjylland;327;24,21;316;11;
2022-U35;1081;Nordjylland;140;23,59;137;3;
2022-U35;1085;Sjælland;174;20,54;169;5;
2022-U35;1083;Syddanmark;224;18,16;219;5;
2022-U36;1084;Hovedstaden;430;22,95;412;18;
2022-U36;1082;Midtjylland;309;22,86;301;8;
2022-U36;1081;Nordjylland;152;25,61;148;4;
2022-U36;1085;Sjælland;227;26,79;219;8;
2022-U36;1083;Syddanmark;250;20,26;240;10;
2022-U37;1084;Hovedstaden;456;24,33;421;35;
2022-U37;1082;Midtjylland;231;17,09;229;2;
2022-U37;1081;Nordjylland;137;23,08;130;7;
2022-U37;1085;Sjælland;210;24,78;200;10;
2022-U37;1083;Syddanmark;237;19,21;231;6;
2022-U38;1084;Hovedstaden;575;30,68;552;23;
2022-U38;1082;Midtjylland;334;24,71;324;10;
2022-U38;1081;Nordjylland;159;26,79;153;6;
2022-U38;1085;Sjælland;304;35,87;297;7;
2022-U38;1083;Syddanmark;322;26,10;310;12;
2022-U39;1084;Hovedstaden;667;35,59;628;39;
2022-U39;1082;Midtjylland;446;32,99;433;13;
2022-U39;1081;Nordjylland;190;32,01;184;6;
2022-U39;1085;Sjælland;351;41,42;337;14;
2022-U39;1083;Syddanmark;484;39,23;469;15;
2022-U40;1084;Hovedstaden;707;37,66;677;30;
2022-U40;1082;Midtjylland;560;41,35;551;9;
2022-U40;1081;Nordjylland;211;35,53;205;6;
2022-U40;1085;Sjælland;421;49,68;410;11;
2022-U40;1083;Syddanmark;583;47,22;567;16;
2022-U41;1084;Hovedstaden;739;39,36;702;37;
2022-U41;1082;Midtjylland;553;40,83;540;13;
2022-U41;1081;Nordjylland;257;43,27;246;11;
2022-U41;1085;Sjælland;360;42,48;347;13;
2022-U41;1083;Syddanmark;508;41,15;494;14;
2022-U42;1084;Hovedstaden;669;35,63;630;39;
2022-U42;1082;Midtjylland;494;36,47;477;17;
2022-U42;1081;Nordjylland;199;33,51;192;7;
2022-U42;1085;Sjælland;352;41,53;343;9;
2022-U42;1083;Syddanmark;482;39,04;470;12;
2022-U43;1084;Hovedstaden;622;33,13;558;64;
2022-U43;1082;Midtjylland;494;36,47;483;11;
2022-U43;1081;Nordjylland;167;28,12;159;8;
2022-U43;1085;Sjælland;374;44,13;367;7;
2022-U43;1083;Syddanmark;406;32,88;392;14;
2022-U44;1084;Hovedstaden;510;27,16;468;42;
2022-U44;1082;Midtjylland;371;27,39;354;17;
2022-U44;1081;Nordjylland;137;23,07;135;2;
2022-U44;1085;Sjælland;290;34,22;280;10;
2022-U44;1083;Syddanmark;328;26,57;317;11;
2022-U45;1084;Hovedstaden;627;33,32;581;46;
2022-U45;1082;Midtjylland;397;29,29;380;17;
2022-U45;1081;Nordjylland;171;28,78;166;5;
2022-U45;1085;Sjælland;351;41,40;330;21;
2022-U45;1083;Syddanmark;357;28,90;351;6;
2022-U46;1084;Hovedstaden;595;31,62;536;59;
2022-U46;1082;Midtjylland;344;25,38;331;13;
2022-U46;1081;Nordjylland;128;21,54;122;6;
2022-U46;1085;Sjælland;295;34,79;284;11;
2022-U46;1083;Syddanmark;344;27,85;325;19;
2022-U47;1084;Hovedstaden;706;37,52;637;69;
2022-U47;1082;Midtjylland;488;36,01;466;22;
2022-U47;1081;Nordjylland;173;29,12;164;9;
2022-U47;1085;Sjælland;346;40,81;331;15;
2022-U47;1083;Syddanmark;389;31,49;363;26;
2022-U48;1084;Hovedstaden;1138;60,48;1043;95;
2022-U48;1082;Midtjylland;755;55,71;726;29;
2022-U48;1081;Nordjylland;351;59,07;333;18;
2022-U48;1085;Sjælland;513;60,50;491;22;
2022-U48;1083;Syddanmark;761;61,61;739;22;
2022-U49;1084;Hovedstaden;1361;72,21;1260;101;
2022-U49;1082;Midtjylland;891;65,71;845;46;
2022-U49;1081;Nordjylland;382;64,29;359;23;
2022-U49;1085;Sjælland;635;74,89;594;41;
2022-U49;1083;Syddanmark;806;65,23;767;39;
2022-U50;1084;Hovedstaden;1075;57,04;989;86;
2022-U50;1082;Midtjylland;610;44,99;585;25;
2022-U50;1081;Nordjylland;306;51,50;297;9;
2022-U50;1085;Sjælland;546;64,39;516;30;
2022-U50;1083;Syddanmark;608;49,21;587;21;
2022-U51;1084;Hovedstaden;1327;70,41;1216;111;
2022-U51;1082;Midtjylland;786;57,97;743;43;
2022-U51;1081;Nordjylland;442;74,39;426;16;
2022-U51;1085;Sjælland;716;84,44;675;41;
2022-U51;1083;Syddanmark;853;69,04;816;37;
2022-U52;1084;Hovedstaden;794;42,13;722;72;
2022-U52;1082;Midtjylland;572;42,19;546;26;
2022-U52;1081;Nordjylland;241;40,56;233;8;
2022-U52;1085;Sjælland;482;56,84;460;22;
2022-U52;1083;Syddanmark;594;48,08;568;26;
2023-U01;1084;Hovedstaden;513;27,20;463;50;
2023-U01;1082;Midtjylland;429;31,63;409;20;
2023-U01;1081;Nordjylland;185;31,14;176;9;
2023-U01;1085;Sjælland;344;40,55;320;24;
2023-U01;1083;Syddanmark;416;33,67;395;21;
2023-U02;1084;Hovedstaden;203;10,76;185;18;
2023-U02;1082;Midtjylland;192;14,15;180;12;
2023-U02;1081;Nordjylland;88;14,81;82;6;
2023-U02;1085;Sjælland;195;22,99;180;15;
2023-U02;1083;Syddanmark;178;14,41;167;11;
2023-U03;1084;Hovedstaden;163;8,64;151;12;
2023-U03;1082;Midtjylland;123;9,07;117;6;
2023-U03;1081;Nordjylland;50;8,42;50;0;
2023-U03;1085;Sjælland;107;12,61;103;4;
2023-U03;1083;Syddanmark;130;10,52;122;8;
2023-U04;1084;Hovedstaden;119;6,31;106;13;
2023-U04;1082;Midtjylland;109;8,04;107;2;
2023-U04;1081;Nordjylland;34;5,72;31;3;
2023-U04;1085;Sjælland;116;13,68;111;5;
2023-U04;1083;Syddanmark;134;10,84;127;7;
2023-U05;1084;Hovedstaden;128;6,79;112;16;
2023-U05;1082;Midtjylland;109;8,04;105;4;
2023-U05;1081;Nordjylland;35;5,89;34;1;
2023-U05;1085;Sjælland;89;10,49;81;8;
2023-U05;1083;Syddanmark;103;8,34;99;4;
2023-U06;1084;Hovedstaden;123;6,52;115;8;
2023-U06;1082;Midtjylland;110;8,11;105;5;
2023-U06;1081;Nordjylland;27;4,55;24;3;
2023-U06;1085;Sjælland;96;11,32;88;8;
2023-U06;1083;Syddanmark;124;10,04;116;8;
2023-U07;1084;Hovedstaden;103;5,46;90;13;
2023-U07;1082;Midtjylland;65;4,79;61;4;
2023-U07;1081;Nordjylland;26;4,38;22;4;
2023-U07;1085;Sjælland;75;8,84;74;1;
2023-U07;1083;Syddanmark;88;7,12;84;4;
2023-U08;1084;Hovedstaden;147;7,80;131;16;
2023-U08;1082;Midtjylland;56;4,13;55;1;
2023-U08;1081;Nordjylland;20;3,37;20;0;
2023-U08;1085;Sjælland;70;8,26;67;3;
2023-U08;1083;Syddanmark;57;4,61;55;2;
2023-U09;1084;Hovedstaden;100;5,30;91;9;
2023-U09;1082;Midtjylland;60;4,42;57;3;
2023-U09;1081;Nordjylland;33;5,56;32;1;
2023-U09;1085;Sjælland;65;7,67;57;8;
2023-U09;1083;Syddanmark;56;4,53;54;2;
2023-U10;1084;Hovedstaden;123;6,52;111;12;
2023-U10;1082;Midtjylland;85;6,27;82;3;
2023-U10;1081;Nordjylland;32;5,39;28;4;
2023-U10;1085;Sjælland;66;7,78;60;6;
2023-U10;1083;Syddanmark;65;5,26;62;3;
2023-U11;1084;Hovedstaden;202;10,71;177;25;
2023-U11;1082;Midtjylland;88;6,49;82;6;
2023-U11;1081;Nordjylland;44;7,41;43;1;
2023-U11;1085;Sjælland;110;12,97;100;10;
2023-U11;1083;Syddanmark;101;8,17;93;8;
2023-U12;1084;Hovedstaden;228;12,09;202;26;
2023-U12;1082;Midtjylland;129;9,51;121;8;
2023-U12;1081;Nordjylland;58;9,77;53;5;
2023-U12;1085;Sjælland;119;14,03;113;6;
2023-U12;1083;Syddanmark;116;9,39;110;6;
2023-U13;1084;Hovedstaden;183;9,70;165;18;
2023-U13;1082;Midtjylland;77;5,68;75;2;
2023-U13;1081;Nordjylland;56;9,43;53;3;
2023-U13;1085;Sjælland;106;12,50;97;9;
2023-U13;1083;Syddanmark;87;7,04;81;6;
2023-U14;1084;Hovedstaden;87;4,60;80;7;
2023-U14;1082;Midtjylland;24;1,77;23;1;
2023-U14;1081;Nordjylland;27;4,55;22;5;
2023-U14;1085;Sjælland;29;3,42;29;0;
2023-U14;1083;Syddanmark;45;3,64;39;6;
2023-U15;1084;Hovedstaden;102;5,40;93;9;
2023-U15;1082;Midtjylland;26;1,92;22;4;
2023-U15;1081;Nordjylland;18;3,03;16;2;
2023-U15;1085;Sjælland;45;5,31;42;3;
2023-U15;1083;Syddanmark;50;4,05;47;3;
2023-U16;1084;Hovedstaden;91;4,82;86;5;
2023-U16;1082;Midtjylland;29;2,14;28;1;
2023-U16;1081;Nordjylland;21;3,54;19;2;
2023-U16;1085;Sjælland;38;4,48;37;1;
2023-U16;1083;Syddanmark;29;2,35;27;2;
2023-U17;1084;Hovedstaden;69;3,65;64;5;
2023-U17;1082;Midtjylland;21;1,55;19;2;
2023-U17;1081;Nordjylland;22;3,71;17;5;
2023-U17;1085;Sjælland;22;2,59;21;1;
2023-U17;1083;Syddanmark;28;2,27;26;2;
2023-U18;1084;Hovedstaden;68;3,59;65;3;
2023-U18;1082;Midtjylland;15;1,11;14;1;
2023-U18;1081;Nordjylland;14;2,36;14;0;
2023-U18;1085;Sjælland;23;2,71;21;2;
2023-U18;1083;Syddanmark;29;2,35;25;4;
2023-U19;1084;Hovedstaden;89;4,71;77;12;
2023-U19;1082;Midtjylland;23;1,69;20;3;
2023-U19;1081;Nordjylland;8;1,35;7;1;
2023-U19;1085;Sjælland;26;3,06;26;0;
2023-U19;1083;Syddanmark;26;2,10;22;4;
2023-U20;1084;Hovedstaden;42;2,22;37;5;
2023-U20;1082;Midtjylland;10;0,74;9;1;
2023-U20;1081;Nordjylland;11;1,85;9;2;
2023-U20;1085;Sjælland;21;2,48;20;1;
2023-U20;1083;Syddanmark;19;1,54;19;0;
2023-U21;1084;Hovedstaden;33;1,74;31;2;
2023-U21;1082;Midtjylland;15;1,11;14;1;
2023-U21;1081;Nordjylland;5;0,84;5;0;
2023-U21;1085;Sjælland;21;2,48;21;0;
2023-U21;1083;Syddanmark;21;1,70;19;2;
2023-U22;1084;Hovedstaden;16;0,85;14;2;
2023-U22;1082;Midtjylland;8;0,59;7;1;
2023-U22;1081;Nordjylland;9;1,52;9;0;
2023-U22;1085;Sjælland;8;0,94;6;2;
2023-U22;1083;Syddanmark;13;1,05;13;0;
2023-U23;1084;Hovedstaden;26;1,37;23;3;
2023-U23;1082;Midtjylland;6;0,44;6;0;
2023-U23;1081;Nordjylland;5;0,84;5;0;
2023-U23;1085;Sjælland;7;0,82;7;0;
2023-U23;1083;Syddanmark;11;0,89;10;1;
2023-U24;1084;Hovedstaden;21;1,11;18;3;
2023-U24;1082;Midtjylland;4;0,29;3;1;
2023-U24;1081;Nordjylland;1;0,17;0;1;
2023-U24;1085;Sjælland;6;0,71;5;1;
2023-U24;1083;Syddanmark;13;1,05;12;1;
2023-U25;1084;Hovedstaden;10;0,53;7;3;
2023-U25;1082;Midtjylland;8;0,59;8;0;
2023-U25;1081;Nordjylland;3;0,51;1;2;
2023-U25;1085;Sjælland;5;0,59;5;0;
2023-U25;1083;Syddanmark;5;0,40;5;0;
2023-U26;1084;Hovedstaden;14;0,74;11;3;
2023-U26;1082;Midtjylland;1;0,07;1;0;
2023-U26;1081;Nordjylland;3;0,51;3;0;
2023-U26;1085;Sjælland;5;0,59;5;0;
2023-U26;1083;Syddanmark;5;0,40;5;0;
2023-U27;1084;Hovedstaden;14;0,74;13;1;
2023-U27;1082;Midtjylland;5;0,37;5;0;
2023-U27;1081;Nordjylland;1;0,17;1;0;
2023-U27;1085;Sjælland;8;0,94;6;2;
2023-U27;1083;Syddanmark;8;0,65;8;0;
2023-U28;1084;Hovedstaden;14;0,74;12;2;
2023-U28;1082;Midtjylland;5;0,37;4;1;
2023-U28;1081;Nordjylland;3;0,51;2;1;
2023-U28;1085;Sjælland;3;0,35;3;0;
2023-U28;1083;Syddanmark;7;0,57;7;0;
2023-U29;1084;Hovedstaden;13;0,69;11;2;
2023-U29;1082;Midtjylland;2;0,15;2;0;
2023-U29;1081;Nordjylland;5;0,84;5;0;
2023-U29;1085;Sjælland;2;0,24;2;0;
2023-U29;1083;Syddanmark;2;0,16;2;0;
2023-U30;1084;Hovedstaden;21;1,11;19;2;
2023-U30;1082;Midtjylland;2;0,15;2;0;
2023-U30;1081;Nordjylland;7;1,18;6;1;
2023-U30;1085;Sjælland;6;0,71;4;2;
2023-U30;1083;Syddanmark;8;0,65;6;2;
2023-U31;1084;Hovedstaden;26;1,37;26;0;
2023-U31;1082;Midtjylland;3;0,22;3;0;
2023-U31;1081;Nordjylland;5;0,84;4;1;
2023-U31;1085;Sjælland;6;0,71;5;1;
2023-U31;1083;Syddanmark;6;0,49;6;0;
2023-U32;1084;Hovedstaden;34;1,80;32;2;
2023-U32;1082;Midtjylland;12;0,88;12;0;
2023-U32;1081;Nordjylland;6;1,01;6;0;
2023-U32;1085;Sjælland;10;1,18;7;3;
2023-U32;1083;Syddanmark;17;1,38;16;1;
2023-U33;1084;Hovedstaden;63;3,33;56;7;
2023-U33;1082;Midtjylland;17;1,25;16;1;
2023-U33;1081;Nordjylland;5;0,84;5;0;
2023-U33;1085;Sjælland;15;1,77;14;1;
2023-U33;1083;Syddanmark;22;1,78;21;1;
2023-U34;1084;Hovedstaden;70;3,70;61;9;
2023-U34;1082;Midtjylland;19;1,40;18;1;
2023-U34;1081;Nordjylland;11;1,85;9;2;
2023-U34;1085;Sjælland;26;3,06;23;3;
2023-U34;1083;Syddanmark;22;1,78;15;7;
2023-U35;1084;Hovedstaden;61;3,22;55;6;
2023-U35;1082;Midtjylland;23;1,69;22;1;
2023-U35;1081;Nordjylland;7;1,18;6;1;
2023-U35;1085;Sjælland;27;3,18;27;0;
2023-U35;1083;Syddanmark;26;2,10;25;1;
2023-U36;1084;Hovedstaden;69;3,64;61;8;
2023-U36;1082;Midtjylland;20;1,47;18;2;
2023-U36;1081;Nordjylland;10;1,69;10;0;
2023-U36;1085;Sjælland;22;2,59;22;0;
2023-U36;1083;Syddanmark;37;2,99;33;4;
2023-U37;1084;Hovedstaden;55;2,90;49;6;
2023-U37;1082;Midtjylland;11;0,81;10;1;
2023-U37;1081;Nordjylland;17;2,87;16;1;
2023-U37;1085;Sjælland;24;2,82;23;1;
2023-U37;1083;Syddanmark;30;2,43;29;1;
2023-U38;1084;Hovedstaden;50;2,64;46;4;
2023-U38;1082;Midtjylland;11;0,81;9;2;
2023-U38;1081;Nordjylland;22;3,71;19;3;
2023-U38;1085;Sjælland;27;3,18;25;2;
2023-U38;1083;Syddanmark;18;1,46;17;1;
2023-U39;1084;Hovedstaden;87;4,59;76;11;
2023-U39;1082;Midtjylland;20;1,47;16;4;
2023-U39;1081;Nordjylland;12;2,02;10;2;
2023-U39;1085;Sjælland;23;2,71;19;4;
2023-U39;1083;Syddanmark;21;1,70;20;1;
2023-U40;1084;Hovedstaden;74;3,90;68;6;
2023-U40;1082;Midtjylland;30;2,20;28;2;
2023-U40;1081;Nordjylland;12;2,02;12;0;
2023-U40;1085;Sjælland;27;3,18;25;2;
2023-U40;1083;Syddanmark;36;2,91;34;2;
2023-U41;1084;Hovedstaden;85;4,48;78;7;
2023-U41;1082;Midtjylland;18;1,32;17;1;
2023-U41;1081;Nordjylland;15;2,53;15;0;
2023-U41;1085;Sjælland;36;4,24;35;1;
2023-U41;1083;Syddanmark;36;2,91;31;5;
2023-U42;1084;Hovedstaden;80;4,22;78;2;
2023-U42;1082;Midtjylland;34;2,50;33;1;
2023-U42;1081;Nordjylland;29;4,89;27;2;
2023-U42;1085;Sjælland;34;4,00;31;3;
2023-U42;1083;Syddanmark;32;2,59;29;3;
2023-U43;1084;Hovedstaden;125;6,59;110;15;
2023-U43;1082;Midtjylland;37;2,72;33;4;
2023-U43;1081;Nordjylland;30;5,06;30;0;
2023-U43;1085;Sjælland;53;6,24;50;3;
2023-U43;1083;Syddanmark;51;4,13;48;3;
2023-U44;1084;Hovedstaden;148;7,80;130;18;
2023-U44;1082;Midtjylland;48;3,53;45;3;
2023-U44;1081;Nordjylland;34;5,73;33;1;
2023-U44;1085;Sjælland;55;6,47;52;3;
2023-U44;1083;Syddanmark;78;6,31;69;9;
2023-U45;1084;Hovedstaden;217;11,41;188;29;
2023-U45;1082;Midtjylland;53;3,89;50;3;
2023-U45;1081;Nordjylland;30;5,06;27;3;
2023-U45;1085;Sjælland;79;9,30;73;6;
2023-U45;1083;Syddanmark;93;7,52;86;7;
2023-U46;1084;Hovedstaden;188;9,89;168;20;
2023-U46;1082;Midtjylland;70;5,14;64;6;
2023-U46;1081;Nordjylland;41;6,91;40;1;
2023-U46;1085;Sjælland;101;11,88;94;7;
2023-U46;1083;Syddanmark;99;8,01;92;7;
2023-U47;1084;Hovedstaden;295;15,52;273;22;
2023-U47;1082;Midtjylland;101;7,41;92;9;
2023-U47;1081;Nordjylland;48;8,09;45;3;
2023-U47;1085;Sjælland;130;15,30;122;8;
2023-U47;1083;Syddanmark;128;10,35;115;13;
2023-U48;1084;Hovedstaden;412;21,67;368;44;
2023-U48;1082;Midtjylland;140;10,28;132;8;
2023-U48;1081;Nordjylland;59;9,95;54;5;
2023-U48;1085;Sjælland;137;16,12;123;14;
2023-U48;1083;Syddanmark;177;14,31;169;8;
2023-U49;1084;Hovedstaden;583;30,62;513;70;
2023-U49;1082;Midtjylland;149;10,93;137;12;
2023-U49;1081;Nordjylland;66;11,13;64;2;
2023-U49;1085;Sjælland;219;25,75;191;28;
2023-U49;1083;Syddanmark;237;19,16;215;22;
2023-U50;1084;Hovedstaden;569;29,89;504;65;
2023-U50;1082;Midtjylland;120;8,81;109;11;
2023-U50;1081;Nordjylland;50;8,43;47;3;
2023-U50;1085;Sjælland;207;24,34;191;16;
2023-U50;1083;Syddanmark;208;16,82;197;11;
2023-U51;1084;Hovedstaden;350;18,38;314;36;
2023-U51;1082;Midtjylland;87;6,38;79;8;
2023-U51;1081;Nordjylland;44;7,42;39;5;
2023-U51;1085;Sjælland;158;18,58;140;18;
2023-U51;1083;Syddanmark;141;11,40;126;15;
2023-U52;1084;Hovedstaden;147;7,72;138;9;
2023-U52;1082;Midtjylland;56;4,11;50;6;
2023-U52;1081;Nordjylland;27;4,55;27;0;
2023-U52;1085;Sjælland;55;6,47;51;4;
2023-U52;1083;Syddanmark;69;5,58;64;5;
2024-U01;1084;Hovedstaden;129;6,77;116;13;
2024-U01;1082;Midtjylland;43;3,15;42;1;
2024-U01;1081;Nordjylland;20;3,37;16;4;
2024-U01;1085;Sjælland;42;4,94;38;4;
2024-U01;1083;Syddanmark;53;4,29;49;4;
2024-U02;1084;Hovedstaden;76;3,99;65;11;
2024-U02;1082;Midtjylland;18;1,32;18;0;
2024-U02;1081;Nordjylland;5;0,84;4;1;
2024-U02;1085;Sjælland;25;2,94;22;3;
2024-U02;1083;Syddanmark;27;2,18;27;0;
2024-U03;1084;Hovedstaden;56;2,94;52;4;
2024-U03;1082;Midtjylland;21;1,54;19;2;
2024-U03;1081;Nordjylland;7;1,18;6;1;
2024-U03;1085;Sjælland;26;3,06;22;4;
2024-U03;1083;Syddanmark;22;1,78;20;2;
2024-U04;1084;Hovedstaden;36;1,89;32;4;
2024-U04;1082;Midtjylland;13;0,95;12;1;
2024-U04;1081;Nordjylland;7;1,18;6;1;
2024-U04;1085;Sjælland;19;2,23;16;3;
2024-U04;1083;Syddanmark;17;1,37;15;2;
2024-U05;1084;Hovedstaden;32;1,68;25;7;
2024-U05;1082;Midtjylland;8;0,59;7;1;
2024-U05;1081;Nordjylland;6;1,01;5;1;
2024-U05;1085;Sjælland;6;0,71;6;0;
2024-U05;1083;Syddanmark;19;1,54;17;2;
2024-U06;1084;Hovedstaden;22;1,15;15;7;
2024-U06;1082;Midtjylland;11;0,81;11;0;
2024-U06;1081;Nordjylland;4;0,67;4;0;
2024-U06;1085;Sjælland;5;0,59;5;0;
2024-U06;1083;Syddanmark;13;1,05;13;0;
2024-U07;1084;Hovedstaden;33;1,73;27;6;
2024-U07;1082;Midtjylland;6;0,44;4;2;
2024-U07;1081;Nordjylland;4;0,67;4;0;
2024-U07;1085;Sjælland;13;1,53;12;1;
2024-U07;1083;Syddanmark;8;0,65;7;1;
2024-U08;1084;Hovedstaden;18;0,94;15;3;
2024-U08;1082;Midtjylland;6;0,44;6;0;
2024-U08;1081;Nordjylland;1;0,17;1;0;
2024-U08;1085;Sjælland;10;1,17;8;2;
2024-U08;1083;Syddanmark;5;0,40;3;2;
2024-U09;1084;Hovedstaden;22;1,15;17;5;
2024-U09;1082;Midtjylland;7;0,51;7;0;
2024-U09;1081;Nordjylland;5;0,84;3;2;
2024-U09;1085;Sjælland;7;0,82;6;1;
2024-U09;1083;Syddanmark;6;0,49;5;1;
2024-U10;1084;Hovedstaden;15;0,79;13;2;
2024-U10;1082;Midtjylland;8;0,59;8;0;
2024-U10;1081;Nordjylland;1;0,17;1;0;
2024-U10;1085;Sjælland;6;0,70;4;2;
2024-U10;1083;Syddanmark;3;0,24;3;0;
2024-U11;1084;Hovedstaden;16;0,84;15;1;
2024-U11;1082;Midtjylland;3;0,22;2;1;
2024-U11;1081;Nordjylland;2;0,34;2;0;
2024-U11;1085;Sjælland;3;0,35;3;0;
2024-U11;1083;Syddanmark;7;0,57;6;1;
2024-U12;1084;Hovedstaden;20;1,05;18;2;
2024-U12;1082;Midtjylland;5;0,37;4;1;
2024-U12;1081;Nordjylland;1;0,17;1;0;
2024-U12;1085;Sjælland;2;0,23;2;0;
2024-U12;1083;Syddanmark;4;0,32;4;0;
2024-U13;1084;Hovedstaden;13;0,68;9;4;
2024-U13;1082;Midtjylland;1;0,07;1;0;
2024-U13;1081;Nordjylland;3;0,51;2;1;
2024-U13;1085;Sjælland;4;0,47;4;0;
2024-U13;1083;Syddanmark;3;0,24;2;1;
2024-U14;1084;Hovedstaden;8;0,42;7;1;
2024-U14;1082;Midtjylland;1;0,07;1;0;
2024-U14;1085;Sjælland;2;0,23;2;0;
2024-U14;1083;Syddanmark;1;0,08;0;1;
2024-U15;1084;Hovedstaden;9;0,47;9;0;
2024-U15;1082;Midtjylland;4;0,29;3;1;
2024-U15;1081;Nordjylland;2;0,34;2;0;
2024-U15;1085;Sjælland;4;0,47;3;1;
2024-U15;1083;Syddanmark;3;0,24;3;0;
2024-U16;1084;Hovedstaden;9;0,47;8;1;
2024-U16;1082;Midtjylland;1;0,07;1;0;
2024-U16;1081;Nordjylland;1;0,17;1;0;
2024-U16;1085;Sjælland;5;0,59;5;0;
2024-U16;1083;Syddanmark;2;0,16;2;0;
2024-U17;1084;Hovedstaden;10;0,52;9;1;
2024-U17;1082;Midtjylland;5;0,37;5;0;
2024-U17;1085;Sjælland;2;0,23;2;0;
2024-U17;1083;Syddanmark;1;0,08;1;0;
2024-U18;1084;Hovedstaden;16;0,84;13;3;
2024-U18;1082;Midtjylland;2;0,15;2;0;
2024-U18;1081;Nordjylland;1;0,17;1;0;
2024-U18;1085;Sjælland;5;0,59;5;0;
2024-U18;1083;Syddanmark;4;0,32;4;0;
2024-U19;1084;Hovedstaden;19;0,99;19;0;
2024-U19;1082;Midtjylland;3;0,22;3;0;
2024-U19;1081;Nordjylland;1;0,17;1;0;
2024-U19;1085;Sjælland;2;0,23;2;0;
2024-U19;1083;Syddanmark;4;0,32;4;0;
2024-U20;1084;Hovedstaden;15;0,79;13;2;
2024-U20;1082;Midtjylland;4;0,29;4;0;
2024-U20;1081;Nordjylland;1;0,17;1;0;
2024-U20;1085;Sjælland;2;0,23;2;0;
2024-U20;1083;Syddanmark;5;0,40;3;2;
2024-U21;1084;Hovedstaden;14;0,73;11;3;
2024-U21;1082;Midtjylland;3;0,22;2;1;
2024-U21;1081;Nordjylland;3;0,51;3;0;
2024-U21;1085;Sjælland;4;0,47;2;2;
2024-U21;1083;Syddanmark;4;0,32;4;0;
2024-U22;1084;Hovedstaden;20;1,05;17;3;
2024-U22;1082;Midtjylland;2;0,15;2;0;
2024-U22;1081;Nordjylland;1;0,17;1;0;
2024-U22;1085;Sjælland;4;0,47;3;1;
2024-U22;1083;Syddanmark;4;0,32;4;0;
2024-U23;1084;Hovedstaden;20;1,05;19;1;
2024-U23;1082;Midtjylland;7;0,51;7;0;
2024-U23;1081;Nordjylland;2;0,34;2;0;
2024-U23;1085;Sjælland;5;0,59;4;1;
2024-U23;1083;Syddanmark;2;0,16;2;0;
2024-U24;1084;Hovedstaden;29;1,52;24;5;
2024-U24;1082;Midtjylland;9;0,66;9;0;
2024-U24;1081;Nordjylland;6;1,01;6;0;
2024-U24;1085;Sjælland;7;0,82;5;2;
2024-U24;1083;Syddanmark;3;0,24;2;1;
2024-U25;1084;Hovedstaden;48;2,51;37;11;
2024-U25;1082;Midtjylland;11;0,81;11;0;
2024-U25;1081;Nordjylland;2;0,34;2;0;
2024-U25;1085;Sjælland;15;1,76;12;3;
2024-U25;1083;Syddanmark;15;1,21;12;3;
2024-U26;1084;Hovedstaden;80;4,19;69;11;
2024-U26;1082;Midtjylland;7;0,51;7;0;
2024-U26;1081;Nordjylland;6;1,01;6;0;
2024-U26;1085;Sjælland;9;1,06;8;1;
2024-U26;1083;Syddanmark;13;1,05;9;4;
2024-U27;1084;Hovedstaden;88;4,60;75;13;
2024-U27;1082;Midtjylland;13;0,95;12;1;
2024-U27;1081;Nordjylland;6;1,01;6;0;
2024-U27;1085;Sjælland;15;1,76;12;3;
2024-U27;1083;Syddanmark;21;1,70;18;3;
2024-U28;1084;Hovedstaden;124;6,49;102;22;
2024-U28;1082;Midtjylland;20;1,47;20;0;
2024-U28;1081;Nordjylland;14;2,36;11;3;
2024-U28;1085;Sjælland;16;1,88;15;1;
2024-U28;1083;Syddanmark;31;2,51;28;3;
2024-U29;1084;Hovedstaden;129;6,75;113;16;
2024-U29;1082;Midtjylland;20;1,47;17;3;
2024-U29;1081;Nordjylland;12;2,03;12;0;
2024-U29;1085;Sjælland;34;3,99;31;3;
2024-U29;1083;Syddanmark;40;3,23;39;1;
2024-U30;1084;Hovedstaden;101;5,28;88;13;
2024-U30;1082;Midtjylland;20;1,47;18;2;
2024-U30;1081;Nordjylland;16;2,70;13;3;
2024-U30;1085;Sjælland;17;2,00;15;2;
2024-U30;1083;Syddanmark;29;2,34;26;3;
2024-U31;1084;Hovedstaden;87;4,55;72;15;
2024-U31;1082;Midtjylland;11;0,81;11;0;
2024-U31;1081;Nordjylland;13;2,20;11;2;
2024-U31;1085;Sjælland;12;1,41;11;1;
2024-U31;1083;Syddanmark;24;1,94;21;3;
2024-U32;1084;Hovedstaden;76;3,97;64;12;
2024-U32;1082;Midtjylland;18;1,32;17;1;
2024-U32;1081;Nordjylland;8;1,35;8;0;
2024-U32;1085;Sjælland;15;1,76;14;1;
2024-U32;1083;Syddanmark;21;1,70;20;1;
2024-U33;1084;Hovedstaden;105;5,49;89;16;
2024-U33;1082;Midtjylland;24;1,76;23;1;
2024-U33;1081;Nordjylland;13;2,20;11;2;
2024-U33;1085;Sjælland;24;2,82;23;1;
2024-U33;1083;Syddanmark;28;2,26;25;3;
2024-U34;1084;Hovedstaden;105;5,49;87;18;
2024-U34;1082;Midtjylland;35;2,56;28;7;
2024-U34;1081;Nordjylland;16;2,70;14;2;
2024-U34;1085;Sjælland;14;1,64;12;2;
2024-U34;1083;Syddanmark;24;1,94;22;2;
2024-U35;1084;Hovedstaden;110;5,75;95;15;
2024-U35;1082;Midtjylland;35;2,56;29;6;
2024-U35;1081;Nordjylland;23;3,88;21;2;
2024-U35;1085;Sjælland;13;1,53;10;3;
2024-U35;1083;Syddanmark;43;3,47;40;3;
2024-U36;1084;Hovedstaden;108;5,65;93;15;
2024-U36;1082;Midtjylland;29;2,12;24;5;
2024-U36;1081;Nordjylland;21;3,55;21;0;
2024-U36;1085;Sjælland;32;3,75;29;3;
2024-U36;1083;Syddanmark;26;2,10;22;4;
2024-U37;1084;Hovedstaden;73;3,82;66;7;
2024-U37;1082;Midtjylland;17;1,24;16;1;
2024-U37;1081;Nordjylland;13;2,20;13;0;
2024-U37;1085;Sjælland;20;2,35;17;3;
2024-U37;1083;Syddanmark;29;2,34;28;1;
2024-U38;1084;Hovedstaden;78;4,08;67;11;
2024-U38;1082;Midtjylland;13;0,95;12;1;
2024-U38;1081;Nordjylland;15;2,54;13;2;
2024-U38;1085;Sjælland;27;3,17;27;0;
2024-U38;1083;Syddanmark;26;2,10;22;4;
2024-U39;1084;Hovedstaden;76;3,97;66;10;
2024-U39;1082;Midtjylland;25;1,83;23;2;
2024-U39;1081;Nordjylland;16;2,70;13;3;
2024-U39;1085;Sjælland;17;1,99;15;2;
2024-U39;1083;Syddanmark;31;2,51;29;2;
2024-U40;1084;Hovedstaden;94;4,91;86;8;
2024-U40;1082;Midtjylland;21;1,54;20;1;
2024-U40;1081;Nordjylland;9;1,52;9;0;
2024-U40;1085;Sjælland;16;1,88;15;1;
2024-U40;1083;Syddanmark;29;2,34;26;3;
2024-U41;1084;Hovedstaden;91;4,75;79;12;
2024-U41;1082;Midtjylland;22;1,61;20;2;
2024-U41;1081;Nordjylland;18;3,04;16;2;
2024-U41;1085;Sjælland;32;3,75;28;4;
2024-U41;1083;Syddanmark;31;2,51;27;4;
2024-U42;1084;Hovedstaden;79;4,12;73;6;
2024-U42;1082;Midtjylland;23;1,68;21;2;
2024-U42;1081;Nordjylland;4;0,68;4;0;
2024-U42;1085;Sjælland;13;1,53;13;0;
2024-U42;1083;Syddanmark;31;2,51;30;1;
2024-U43;1084;Hovedstaden;88;4,59;83;5;
2024-U43;1082;Midtjylland;12;0,88;11;1;
2024-U43;1081;Nordjylland;13;2,20;11;2;
2024-U43;1085;Sjælland;31;3,64;25;6;
2024-U43;1083;Syddanmark;31;2,51;27;4;
2024-U44;1084;Hovedstaden;82;4,28;70;12;
2024-U44;1082;Midtjylland;16;1,17;15;1;
2024-U44;1081;Nordjylland;15;2,53;13;2;
2024-U44;1085;Sjælland;24;2,82;18;6;
2024-U44;1083;Syddanmark;25;2,02;23;2;
2024-U45;1084;Hovedstaden;66;3,44;54;12;
2024-U45;1082;Midtjylland;8;0,58;8;0;
2024-U45;1081;Nordjylland;6;1,01;6;0;
2024-U45;1085;Sjælland;27;3,17;24;3;
2024-U45;1083;Syddanmark;20;1,62;19;1;
2024-U46;1084;Hovedstaden;53;2,76;47;6;
2024-U46;1082;Midtjylland;4;0,29;4;0;
2024-U46;1081;Nordjylland;2;0,34;2;0;
2024-U46;1085;Sjælland;23;2,70;20;3;
2024-U46;1083;Syddanmark;16;1,29;13;3;
2024-U47;1084;Hovedstaden;55;2,86;47;8;
2024-U47;1082;Midtjylland;9;0,66;8;1;
2024-U47;1081;Nordjylland;3;0,51;3;0;
2024-U47;1085;Sjælland;23;2,70;21;2;
2024-U47;1083;Syddanmark;19;1,53;18;1;
2024-U48;1084;Hovedstaden;62;3,23;53;9;
2024-U48;1082;Midtjylland;8;0,58;7;1;
2024-U48;1081;Nordjylland;1;0,17;1;0;
2024-U48;1085;Sjælland;21;2,46;21;0;
2024-U48;1083;Syddanmark;13;1,05;12;1;
2024-U49;1084;Hovedstaden;86;4,47;72;14;
2024-U49;1082;Midtjylland;12;0,88;12;0;
2024-U49;1081;Nordjylland;4;0,68;3;1;
2024-U49;1085;Sjælland;29;3,40;24;5;
2024-U49;1083;Syddanmark;19;1,53;16;3;
2024-U50;1084;Hovedstaden;72;3,74;57;15;
2024-U50;1082;Midtjylland;8;0,58;6;2;
2024-U50;1081;Nordjylland;3;0,51;2;1;
2024-U50;1085;Sjælland;26;3,05;26;0;
2024-U50;1083;Syddanmark;12;0,97;11;1;
2024-U51;1084;Hovedstaden;91;4,73;80;11;
2024-U51;1082;Midtjylland;6;0,44;6;0;
2024-U51;1081;Nordjylland;4;0,68;3;1;
2024-U51;1085;Sjælland;23;2,70;21;2;
2024-U51;1083;Syddanmark;16;1,29;13;3;
2024-U52;1084;Hovedstaden;37;1,92;32;5;
2024-U52;1082;Midtjylland;8;0,58;7;1;
2024-U52;1081;Nordjylland;9;1,52;7;2;
2024-U52;1085;Sjælland;11;1,29;11;0;
2024-U52;1083;Syddanmark;11;0,89;10;1;
2025-U01;1084;Hovedstaden;43;2,24;39;4;
2025-U01;1082;Midtjylland;3;0,22;2;1;
2025-U01;1081;Nordjylland;2;0,34;2;0;
2025-U01;1085;Sjælland;11;1,29;11;0;
2025-U01;1083;Syddanmark;11;0,89;9;2;
2025-U02;1084;Hovedstaden;37;1,92;36;1;
2025-U02;1082;Midtjylland;2;0,15;2;0;
2025-U02;1081;Nordjylland;4;0,68;4;0;
2025-U02;1085;Sjælland;11;1,29;9;2;
2025-U02;1083;Syddanmark;13;1,05;10;3;
2025-U03;1084;Hovedstaden;26;1,35;22;4;
2025-U03;1082;Midtjylland;1;0,07;1;0;
2025-U03;1081;Nordjylland;3;0,51;2;1;
2025-U03;1085;Sjælland;14;1,64;13;1;
2025-U03;1083;Syddanmark;8;0,65;7;1;
2025-U04;1084;Hovedstaden;30;1,56;26;4;
2025-U04;1082;Midtjylland;4;0,29;4;0;
2025-U04;1081;Nordjylland;2;0,34;2;0;
2025-U04;1085;Sjælland;14;1,64;13;1;
2025-U04;1083;Syddanmark;9;0,73;7;2;
2025-U05;1084;Hovedstaden;35;1,82;27;8;
2025-U05;1082;Midtjylland;4;0,29;4;0;
2025-U05;1081;Nordjylland;6;1,01;5;1;
2025-U05;1085;Sjælland;10;1,17;9;1;
2025-U05;1083;Syddanmark;11;0,89;10;1;
2025-U06;1084;Hovedstaden;40;2,08;34;6;
2025-U06;1082;Midtjylland;6;0,44;5;1;
2025-U06;1081;Nordjylland;3;0,51;3;0;
2025-U06;1085;Sjælland;8;0,94;6;2;
2025-U06;1083;Syddanmark;13;1,05;11;2;
2025-U07;1084;Hovedstaden;27;1,40;24;3;
2025-U07;1082;Midtjylland;5;0,36;5;0;
2025-U07;1081;Nordjylland;4;0,68;3;1;
2025-U07;1085;Sjælland;9;1,05;8;1;
2025-U07;1083;Syddanmark;11;0,89;11;0;
2025-U08;1084;Hovedstaden;28;1,45;23;5;
2025-U08;1082;Midtjylland;6;0,44;5;1;
2025-U08;1081;Nordjylland;4;0,68;3;1;
2025-U08;1085;Sjælland;14;1,64;14;0;
2025-U08;1083;Syddanmark;13;1,05;13;0;
2025-U09;1084;Hovedstaden;34;1,77;28;6;
2025-U09;1082;Midtjylland;3;0,22;3;0;
2025-U09;1081;Nordjylland;2;0,34;2;0;
2025-U09;1085;Sjælland;8;0,94;8;0;
2025-U09;1083;Syddanmark;17;1,37;15;2;
2025-U10;1084;Hovedstaden;23;1,20;20;3;
2025-U10;1082;Midtjylland;4;0,29;3;1;
2025-U10;1081;Nordjylland;3;0,51;3;0;
2025-U10;1085;Sjælland;9;1,05;8;1;
2025-U10;1083;Syddanmark;13;1,05;12;1;
2025-U11;1084;Hovedstaden;27;1,40;22;5;
2025-U11;1082;Midtjylland;5;0,36;5;0;
2025-U11;1081;Nordjylland;6;1,01;6;0;
2025-U11;1085;Sjælland;9;1,05;9;0;
2025-U11;1083;Syddanmark;10;0,81;9;1;
2025-U12;1084;Hovedstaden;21;1,09;18;3;
2025-U12;1082;Midtjylland;6;0,44;5;1;
2025-U12;1081;Nordjylland;6;1,01;6;0;
2025-U12;1085;Sjælland;11;1,29;8;3;
2025-U12;1083;Syddanmark;6;0,48;6;0;
2025-U13;1084;Hovedstaden;22;1,14;21;1;
2025-U13;1082;Midtjylland;1;0,07;1;0;
2025-U13;1081;Nordjylland;3;0,51;3;0;
2025-U13;1085;Sjælland;5;0,59;5;0;
2025-U13;1083;Syddanmark;6;0,48;6;0;
2025-U14;1084;Hovedstaden;16;0,83;16;0;
2025-U14;1082;Midtjylland;2;0,15;2;0;
2025-U14;1085;Sjælland;3;0,35;2;1;
2025-U14;1083;Syddanmark;4;0,32;3;1;
2025-U15;1084;Hovedstaden;11;0,57;9;2;
2025-U15;1082;Midtjylland;1;0,07;1;0;
2025-U15;1081;Nordjylland;1;0,17;1;0;
2025-U15;1085;Sjælland;1;0,12;1;0;
2025-U15;1083;Syddanmark;1;0,08;1;0;
2025-U16;1084;Hovedstaden;9;0,47;8;1;
2025-U16;1081;Nordjylland;3;0,51;2;1;
2025-U16;1085;Sjælland;1;0,12;0;1;
2025-U16;1083;Syddanmark;3;0,24;3;0;
2025-U17;1084;Hovedstaden;17;0,88;14;3;
2025-U17;1082;Midtjylland;2;0,15;1;1;
2025-U17;1085;Sjælland;2;0,23;2;0;
2025-U17;1083;Syddanmark;5;0,40;5;0;
2025-U18;1084;Hovedstaden;19;0,99;16;3;
2025-U18;1082;Midtjylland;3;0,22;3;0;
2025-U18;1085;Sjælland;1;0,12;1;0;
2025-U18;1083;Syddanmark;2;0,16;2;0;
2025-U19;1084;Hovedstaden;13;0,67;13;0;
2025-U19;1081;Nordjylland;2;0,34;2;0;
2025-U19;1085;Sjælland;2;0,23;2;0;
2025-U19;1083;Syddanmark;2;0,16;2;0;
2025-U20;1084;Hovedstaden;12;0,62;11;1;
2025-U20;1085;Sjælland;3;0,35;3;0;
2025-U20;1083;Syddanmark;2;0,16;1;1;
2025-U21;1084;Hovedstaden;25;1,30;22;3;
2025-U21;1082;Midtjylland;4;0,29;4;0;
2025-U21;1081;Nordjylland;2;0,34;1;1;
2025-U21;1085;Sjælland;5;0,59;4;1;
2025-U21;1083;Syddanmark;4;0,32;3;1;
2025-U22;1084;Hovedstaden;13;0,67;9;4;
2025-U22;1082;Midtjylland;2;0,15;2;0;
2025-U22;1081;Nordjylland;1;0,17;1;0;
2025-U22;1085;Sjælland;2;0,23;2;0;
2025-U22;1083;Syddanmark;3;0,24;2;1;
2025-U23;1084;Hovedstaden;10;0,52;10;0;
2025-U23;1081;Nordjylland;1;0,17;1;0;
2025-U23;1085;Sjælland;5;0,59;4;1;
2025-U23;1083;Syddanmark;5;0,40;4;1;
2025-U24;1084;Hovedstaden;13;0,67;10;3;
2025-U24;1082;Midtjylland;1;0,07;1;0;
2025-U24;1081;Nordjylland;1;0,17;1;0;
2025-U24;1085;Sjælland;3;0,35;3;0;
2025-U24;1083;Syddanmark;3;0,24;3;0;
2025-U25;1084;Hovedstaden;28;1,45;22;6;
2025-U25;1082;Midtjylland;2;0,15;2;0;
2025-U25;1085;Sjælland;2;0,23;2;0;
2025-U25;1083;Syddanmark;2;0,16;2;0;
2025-U26;1084;Hovedstaden;14;0,73;12;2;
2025-U26;1082;Midtjylland;2;0,15;2;0;
2025-U26;1081;Nordjylland;3;0,51;3;0;
2025-U26;1085;Sjælland;4;0,47;3;1;
2025-U26;1083;Syddanmark;5;0,40;4;1;
2025-U27;1084;Hovedstaden;19;0,98;17;2;
2025-U27;1081;Nordjylland;4;0,68;2;2;
2025-U27;1085;Sjælland;1;0,12;1;0;
2025-U27;1083;Syddanmark;1;0,08;1;0;
2025-U28;1084;Hovedstaden;20;1,04;17;3;
2025-U28;1081;Nordjylland;2;0,34;2;0;
2025-U28;1085;Sjælland;3;0,35;3;0;
2025-U28;1083;Syddanmark;6;0,48;6;0;
2025-U29;1084;Hovedstaden;15;0,78;11;4;
2025-U29;1082;Midtjylland;3;0,22;3;0;
2025-U29;1081;Nordjylland;2;0,34;2;0;
2025-U29;1085;Sjælland;6;0,70;5;1;
2025-U29;1083;Syddanmark;1;0,08;1;0;
2025-U30;1084;Hovedstaden;15;0,78;10;5;
2025-U30;1082;Midtjylland;5;0,36;3;2;
2025-U30;1081;Nordjylland;2;0,34;1;1;
2025-U30;1085;Sjælland;3;0,35;3;0;
2025-U30;1083;Syddanmark;3;0,24;2;1;
2025-U31;1084;Hovedstaden;18;0,93;15;3;
2025-U31;1082;Midtjylland;3;0,22;3;0;
2025-U31;1085;Sjælland;1;0,12;1;0;
2025-U32;1084;Hovedstaden;23;1,19;13;10;
2025-U32;1082;Midtjylland;2;0,15;2;0;
2025-U32;1081;Nordjylland;3;0,51;3;0;
2025-U32;1085;Sjælland;6;0,70;5;1;
2025-U33;1084;Hovedstaden;46;2,38;31;15;
2025-U33;1082;Midtjylland;3;0,22;3;0;
2025-U33;1081;Nordjylland;2;0,34;2;0;
2025-U33;1085;Sjælland;7;0,82;6;1;
2025-U33;1083;Syddanmark;11;0,89;8;3;
2025-U34;1084;Hovedstaden;34;1,76;31;3;
2025-U34;1082;Midtjylland;7;0,51;6;1;
2025-U34;1081;Nordjylland;10;1,69;9;1;
2025-U34;1085;Sjælland;6;0,70;5;1;
2025-U34;1083;Syddanmark;13;1,05;11;2;
2025-U35;1084;Hovedstaden;47;2,44;36;11;
2025-U35;1082;Midtjylland;11;0,80;9;2;
2025-U35;1081;Nordjylland;8;1,35;7;1;
2025-U35;1085;Sjælland;7;0,82;6;1;
2025-U35;1083;Syddanmark;13;1,05;12;1;
2025-U36;1084;Hovedstaden;63;3,26;49;14;
2025-U36;1082;Midtjylland;11;0,80;11;0;
2025-U36;1081;Nordjylland;9;1,52;6;3;
2025-U36;1085;Sjælland;10;1,17;9;1;
2025-U36;1083;Syddanmark;12;0,97;12;0;
2025-U37;1084;Hovedstaden;45;2,33;37;8;
2025-U37;1082;Midtjylland;10;0,73;9;1;
2025-U37;1081;Nordjylland;7;1,18;6;1;
2025-U37;1085;Sjælland;9;1,05;8;1;
2025-U37;1083;Syddanmark;16;1,29;14;2;
2025-U38;1084;Hovedstaden;52;2,69;44;8;
2025-U38;1082;Midtjylland;8;0,58;6;2;
2025-U38;1081;Nordjylland;6;1,01;5;1;
2025-U38;1085;Sjælland;8;0,94;7;1;
2025-U38;1083;Syddanmark;10;0,81;7;3;
2025-U39;1084;Hovedstaden;58;3,00;52;6;
2025-U39;1082;Midtjylland;4;0,29;4;0;
2025-U39;1081;Nordjylland;8;1,35;8;0;
2025-U39;1085;Sjælland;9;1,05;8;1;
2025-U39;1083;Syddanmark;16;1,29;13;3;
2025-U40;1084;Hovedstaden;50;2,59;46;4;
2025-U40;1082;Midtjylland;13;0,95;12;1;
2025-U40;1081;Nordjylland;8;1,35;8;0;
2025-U40;1085;Sjælland;7;0,82;7;0;
2025-U40;1083;Syddanmark;10;0,81;9;1;
2025-U41;1084;Hovedstaden;69;3,57;62;7;
2025-U41;1082;Midtjylland;6;0,44;6;0;
2025-U41;1081;Nordjylland;11;1,86;10;1;
2025-U41;1085;Sjælland;7;0,82;5;2;
2025-U41;1083;Syddanmark;10;0,81;7;3;
2025-U42;1084;Hovedstaden;55;2,85;51;4;
2025-U42;1082;Midtjylland;5;0,36;4;1;
2025-U42;1081;Nordjylland;6;1,01;6;0;
2025-U42;1085;Sjælland;11;1,29;11;0;
2025-U42;1083;Syddanmark;14;1,13;13;1;
